,sample-id,Marker lineage,# genomes,# markers,# marker sets,0,1,2,3,4,5+,Completeness,Contamination,Strain heterogeneity,# unique markers (of 43),# multi-copy,Taxonomy,# contigs (>= 0 bp),# contigs (>= 1000 bp),# contigs (>= 5000 bp),# contigs (>= 10000 bp),# contigs (>= 25000 bp),# contigs (>= 50000 bp),Total length (>= 0 bp),Total length (>= 1000 bp),Total length (>= 5000 bp),Total length (>= 10000 bp),Total length (>= 25000 bp),Total length (>= 50000 bp),# contigs,Largest contig,Total length,Reference length,GC (%),Reference GC (%),N50,NG50,N75,NG75,L50,LG50,L75,LG75,# misassemblies,# misassembled contigs,Misassembled contigs length,# local misassemblies,# scaffold gap ext. mis.,# scaffold gap loc. mis.,# unaligned mis. contigs,# unaligned contigs,Unaligned length,Genome fraction (%),Duplication ratio,# N's per 100 kbp,# mismatches per 100 kbp,# indels per 100 kbp,# genomic features,Largest alignment,Total aligned length,NA50,NGA50,NA75,NGA75,LA50,LGA50,LA75,LGA75,status,superkingdom,phylum,class,order,family,genus,species,strain,sample_id,long-sample-id,short-id
266,41L_Month3_15_S1444,Bacteria,5449,104,58,2,79,23,0,0,0,99.69,20.51,95.65,28,13,k__Bacteria;p__Proteobacteria;c__Gammaproteobacteria;o__Enterobacteriales;f__Enterobacteriaceae,574,574,59,48,40,28,5642343,5642343,4744486,4676686,4541799,4069455,574,499823,5642343,5062596,50.54,50.6,140227,156654,44161,71603,13,11,32,24,542,437,902496,16,0,0,0,0 + 2 part,2127,95.086,1.172,0.0,31.22,17.91,0 + 0 part,499823,5629250,140227,156548,41083,71554,13,11,32,24,found,Bacteria,Proteobacteria,Gammaproteobacteria,Enterobacterales,Enterobacteriaceae,Escherichia,Escherichia coli,,41L_Month3_15_S1444.fasta,41L_Month3_15_S1444,41L_Month3_15
271,41L_Month3_20_S1484,Bacteria,5449,104,58,37,64,3,0,0,0,61.91,0.47,66.67,27,2,k__Bacteria;p__Proteobacteria;c__Gammaproteobacteria;o__Enterobacteriales;f__Enterobacteriaceae,550,496,204,98,16,0,3331831,3286301,2546318,1764873,515423,0,550,49146,3331831,5062596,50.69,50.6,10735,5028,5182,-,89,202,195,-,6,5,54221,4,0,0,0,0 + 0 part,0,64.154,1.026,0.0,34.67,2.31,0 + 0 part,49146,3329966,10735,5024,5134,-,89,203,197,-,found,Bacteria,Proteobacteria,Gammaproteobacteria,Enterobacterales,Enterobacteriaceae,Escherichia,Escherichia coli,,41L_Month3_20_S1484.fasta,41L_Month3_20_S1484,41L_Month3_20
620,42L_Month3_12_S161,Bacteria,5449,104,58,5,74,23,2,0,0,94.83,22.86,93.1,29,14,k__Bacteria;p__Proteobacteria;c__Gammaproteobacteria;o__Enterobacteriales;f__Enterobacteriaceae,482,482,28,12,11,9,6008483,6008483,5051425,4947368,4927875,4836145,482,1305480,6008483,5062596,50.65,50.6,611036,611036,238566,437699,3,3,7,5,386,329,1281759,8,0,0,0,0 + 1 part,2678,98.284,1.207,0.0,22.07,13.04,0 + 0 part,1302802,5992648,611036,611036,151900,355534,3,3,8,5,found,Bacteria,Proteobacteria,Gammaproteobacteria,Enterobacterales,Enterobacteriaceae,Escherichia,Escherichia coli,,42L_Month3_12_S161.fasta,42L_Month3_12_S161,42L_Month3_12
631,42L_Month3_22_S1598,Bacteria,5449,104,58,34,70,0,0,0,0,68.5,0.0,0.0,29,0,k__Bacteria;p__Proteobacteria;c__Gammaproteobacteria;o__Enterobacteriales;f__Enterobacteriaceae,581,531,203,87,8,0,3069978,3029056,2195903,1354347,214692,0,581,32468,3069978,5062596,50.58,50.6,8974,3538,4612,-,106,282,226,-,7,7,38153,4,0,0,0,0 + 0 part,0,59.252,1.023,0.0,29.87,3.07,0 + 0 part,32468,3067739,8901,3507,4603,-,107,285,228,-,found,Bacteria,Proteobacteria,Gammaproteobacteria,Enterobacterales,Enterobacteriaceae,Escherichia,Escherichia coli,,42L_Month3_22_S1598.fasta,42L_Month3_22_S1598,42L_Month3_22
795,42R_Month3_22_S16,Bacteria,5449,104,58,21,80,3,0,0,0,84.94,2.74,0.0,31,2,k__Bacteria;p__Proteobacteria;c__Gammaproteobacteria;o__Enterobacteriales;f__Enterobacteriaceae,1281,1281,258,44,1,0,4505368,4505368,1995102,559076,28883,0,1281,28883,4505368,5062596,50.5,50.6,4453,3970,2733,2060,313,379,635,811,67,65,346679,5,0,0,0,0 + 0 part,0,88.843,1.002,0.0,9.14,0.4,0 + 0 part,28883,4500299,4300,3826,2599,1986,327,396,661,845,found,Bacteria,Proteobacteria,Gammaproteobacteria,Enterobacterales,Enterobacteriaceae,Escherichia,Escherichia coli,,42R_Month3_22_S16.fasta,42R_Month3_22_S16,42R_Month3_22
802,42R_Month3_6_S1567,Bacteria,5449,104,58,56,48,0,0,0,0,47.52,0.0,0.0,22,0,k__Bacteria;p__Proteobacteria;c__Gammaproteobacteria;o__Enterobacteriales;f__Enterobacteriaceae,1476,1473,16,2,0,0,2696877,2696516,109206,26721,0,0,1473,15887,2696516,5062596,50.19,50.6,1903,1082,1386,-,478,1315,897,-,251,225,494038,3,0,0,0,0 + 0 part,0,53.118,1.003,0.0,18.22,0.59,0 + 0 part,15887,2690283,1715,1004,1260,-,534,1451,996,-,found,Bacteria,Proteobacteria,Gammaproteobacteria,Enterobacterales,Enterobacteriaceae,Escherichia,Escherichia coli,,42R_Month3_6_S1567.fasta,42R_Month3_6_S1567,42R_Month3_6
1088,43R_Month3_5_S37,Bacteria,5449,104,58,3,96,5,0,0,0,96.55,3.24,100.0,38,3,k__Bacteria;p__Proteobacteria;c__Gammaproteobacteria;o__Enterobacteriales;f__Enterobacteriaceae,433,418,189,137,64,14,4852098,4838411,4362834,3991932,2763533,1006688,433,130200,4852098,5062596,50.81,50.6,28330,27893,14735,13124,52,56,109,121,92,82,183650,19,0,0,0,0 + 3 part,1905,89.059,1.076,0.0,34.49,4.92,0 + 0 part,130200,4844589,28330,27893,14610,12807,52,56,110,122,found,Bacteria,Proteobacteria,Gammaproteobacteria,Enterobacterales,Enterobacteriaceae,Escherichia,Escherichia coli,,43R_Month3_5_S37.fasta,43R_Month3_5_S37,43R_Month3_5
1178,44B_Month6_22_S1792,Bacteria,5449,104,58,23,79,2,0,0,0,78.61,0.31,100.0,30,2,k__Bacteria;p__Proteobacteria;c__Gammaproteobacteria;o__Enterobacteriales;f__Enterobacteriaceae,1511,1511,27,2,0,0,3074883,3074883,180651,30905,0,0,1511,17865,3074883,5062596,51.25,50.6,2204,1354,1542,-,473,1046,890,-,151,144,376610,7,0,0,0,0 + 1 part,681,60.648,1.001,0.0,30.45,0.75,0 + 0 part,17865,3071073,2085,1284,1428,-,502,1115,948,-,found,Bacteria,Proteobacteria,Gammaproteobacteria,Enterobacterales,Enterobacteriaceae,Escherichia,Escherichia coli,,44B_Month6_22_S1792.fasta,44B_Month6_22_S1792,44B_Month6_22
1286,44N_Month1_11_S189,Bacteria,5449,104,58,4,100,0,0,0,0,93.1,0.0,0.0,43,0,k__Bacteria;p__Proteobacteria;c__Gammaproteobacteria;o__Enterobacteriales;f__Enterobacteriaceae,1064,1059,232,77,15,1,4437760,4436534,2468132,1393903,482927,50164,1059,50164,4436534,5062596,50.82,50.6,5646,4807,3006,2171,186,245,457,640,84,80,555537,13,0,0,0,0 + 0 part,0,87.541,1.001,0.0,17.1,0.47,0 + 0 part,47492,4432259,5405,4527,2846,2012,195,259,483,681,found,Bacteria,Proteobacteria,Gammaproteobacteria,Enterobacterales,Enterobacteriaceae,Escherichia,Escherichia coli,,44N_Month1_11_S189.fasta,44N_Month1_11_S189,44N_Month1_11
1497,44R_Month6_7_S1765,Bacteria,5449,104,58,12,91,1,0,0,0,89.58,1.72,0.0,39,0,k__Bacteria;p__Proteobacteria;c__Gammaproteobacteria;o__Enterobacteriales;f__Enterobacteriaceae,1295,1295,232,34,2,0,4274947,4274947,1798841,469130,72376,0,1295,40405,4274947,5062596,51.1,50.6,4067,3471,2420,1722,308,414,648,938,32,30,174409,9,0,0,0,0 + 0 part,0,84.357,1.001,0.0,18.64,0.68,0 + 0 part,40199,4271268,3961,3399,2357,1663,316,423,663,960,found,Bacteria,Proteobacteria,Gammaproteobacteria,Enterobacterales,Enterobacteriaceae,Escherichia,Escherichia coli,,44R_Month6_7_S1765.fasta,44R_Month6_7_S1765,44R_Month6_7
1536,45L_Month3_2_S1627,Bacteria,5449,104,58,12,92,0,0,0,0,92.34,0.0,0.0,37,0,k__Bacteria;p__Proteobacteria;c__Gammaproteobacteria;o__Pseudomonadales;f__Pseudomonadaceae;g__Pseudomonas;s__Pseudomonas_aeruginosa,1459,1459,370,120,12,1,6275118,6275118,3696779,1947724,410234,72636,1459,72636,6275118,5062596,66.43,50.6,6508,7975,3167,4810,272,187,622,391,0,0,0,0,0,0,1,1457 + 2 part,6274662,0.009,1.0,0.0,2850.88,0.0,0 + 0 part,314,456,-,-,-,-,-,-,-,-,found,Bacteria,Proteobacteria,Gammaproteobacteria,Pseudomonadales,Pseudomonadaceae,Pseudomonas,,,45L_Month3_2_S1627.fasta,45L_Month3_2_S1627,45L_Month3_2
1538,45L_Month3_4_S164,Bacteria,5449,104,58,1,102,1,0,0,0,98.28,0.34,0.0,43,0,k__Bacteria;p__Proteobacteria;c__Gammaproteobacteria;o__Pseudomonadales;f__Pseudomonadaceae;g__Pseudomonas;s__Pseudomonas_aeruginosa,216,215,187,154,83,33,6930821,6930528,6826119,6583339,5429612,3711588,215,314603,6930528,5062596,66.11,50.6,56328,85937,27575,48588,29,16,75,35,0,0,0,0,0,0,2,212 + 3 part,6929913,0.011,1.143,0.0,2788.1,0.0,0 + 0 part,314,615,-,-,-,-,-,-,-,-,found,Bacteria,Proteobacteria,Gammaproteobacteria,Pseudomonadales,Pseudomonadaceae,Pseudomonas,,,45L_Month3_4_S164.fasta,45L_Month3_4_S164,45L_Month3_4
1540,45L_Month3_6_S1659,Bacteria,5449,104,58,1,103,0,0,0,0,98.28,0.0,0.0,43,0,k__Bacteria;p__Proteobacteria;c__Gammaproteobacteria;o__Pseudomonadales;f__Pseudomonadaceae;g__Pseudomonas;s__Pseudomonas_aeruginosa,678,676,367,205,56,16,6867037,6866725,6062257,4915980,2576700,1295858,676,144749,6866725,5062596,66.17,50.6,19119,25799,8843,15909,96,55,230,117,0,0,0,0,0,0,2,673 + 3 part,6866110,0.012,1.0,0.0,2439.02,0.0,0 + 0 part,314,615,-,-,-,-,-,-,-,-,found,Bacteria,Proteobacteria,Gammaproteobacteria,Pseudomonadales,Pseudomonadaceae,Pseudomonas,,,45L_Month3_6_S1659.fasta,45L_Month3_6_S1659,45L_Month3_6
1558,45L_Month6_23_S372,Bacteria,5449,104,58,1,103,0,0,0,0,98.28,0.0,0.0,43,0,k__Bacteria;p__Proteobacteria;c__Gammaproteobacteria;o__Pseudomonadales;f__Pseudomonadaceae;g__Pseudomonas;s__Pseudomonas_aeruginosa,203,91,62,59,47,40,7022979,6986094,6930645,6910331,6719684,6472671,113,662594,7002899,5062596,66.1,50.6,183993,248021,106159,171724,11,7,24,13,0,0,0,0,0,0,2,111 + 2 part,7002361,0.011,1.0,0.0,2788.1,0.0,0 + 0 part,314,538,-,-,-,-,-,-,-,-,found,Bacteria,Proteobacteria,Gammaproteobacteria,Pseudomonadales,Pseudomonadaceae,Pseudomonas,,,45L_Month6_23_S372.fasta,45L_Month6_23_S372,45L_Month6_23
1564,45L_Month6_6_S331,Bacteria,5449,104,58,1,103,0,0,0,0,98.28,0.0,0.0,43,0,k__Bacteria;p__Proteobacteria;c__Gammaproteobacteria;o__Pseudomonadales;f__Pseudomonadaceae;g__Pseudomonas;s__Pseudomonas_aeruginosa,97,89,85,78,57,47,6920903,6917963,6907883,6859885,6503484,6122517,91,378325,6919434,5062596,66.17,50.6,138297,224808,68408,121282,15,9,32,17,0,0,0,0,0,0,2,88 + 3 part,6918819,0.012,1.0,0.0,2439.02,0.0,0 + 0 part,314,615,-,-,-,-,-,-,-,-,found,Bacteria,Proteobacteria,Gammaproteobacteria,Pseudomonadales,Pseudomonadaceae,Pseudomonas,,,45L_Month6_6_S331.fasta,45L_Month6_6_S331,45L_Month6_6
1595,45N_Month3_13_S1618,Bacteria,5449,104,58,1,103,0,0,0,0,98.28,0.0,0.0,43,0,k__Bacteria;p__Proteobacteria;c__Gammaproteobacteria;o__Pseudomonadales;f__Pseudomonadaceae;g__Pseudomonas;s__Pseudomonas_aeruginosa,64,54,49,45,38,31,7015942,7011829,6998929,6969163,6857474,6571515,58,685399,7014747,5062596,66.09,50.6,279604,344739,130933,266216,8,5,17,10,0,0,0,0,0,0,2,55 + 3 part,7014132,0.011,1.143,0.0,2788.1,0.0,0 + 0 part,314,615,-,-,-,-,-,-,-,-,found,Bacteria,Proteobacteria,Gammaproteobacteria,Pseudomonadales,Pseudomonadaceae,Pseudomonas,,,45N_Month3_13_S1618.fasta,45N_Month3_13_S1618,45N_Month3_13
1596,45N_Month3_14_S1626,Bacteria,5449,104,58,1,103,0,0,0,0,98.28,0.0,0.0,43,0,k__Bacteria;p__Proteobacteria;c__Gammaproteobacteria;o__Pseudomonadales;f__Pseudomonadaceae;g__Pseudomonas;s__Pseudomonas_aeruginosa,369,369,253,173,77,34,6894356,6894356,6564712,6005015,4416941,2873345,369,183128,6894356,5062596,66.21,50.6,40060,54265,18249,34690,47,28,113,57,0,0,0,0,0,0,2,366 + 3 part,6893741,0.011,1.143,0.0,2788.1,0.0,0 + 0 part,314,615,-,-,-,-,-,-,-,-,found,Bacteria,Proteobacteria,Gammaproteobacteria,Pseudomonadales,Pseudomonadaceae,Pseudomonas,,,45N_Month3_14_S1626.fasta,45N_Month3_14_S1626,45N_Month3_14
1598,45N_Month3_16_S1642,Bacteria,5449,104,58,1,103,0,0,0,0,98.28,0.0,0.0,43,0,k__Bacteria;p__Proteobacteria;c__Gammaproteobacteria;o__Pseudomonadales;f__Pseudomonadaceae;g__Pseudomonas;s__Pseudomonas_aeruginosa,154,148,137,111,69,36,6956383,6954399,6920121,6733593,6021059,4732662,150,545347,6955802,5062596,66.1,50.6,93566,114179,44328,86365,19,10,47,23,0,0,0,0,0,0,2,147 + 3 part,6955187,0.011,1.143,0.0,2788.1,0.0,0 + 0 part,314,615,-,-,-,-,-,-,-,-,found,Bacteria,Proteobacteria,Gammaproteobacteria,Pseudomonadales,Pseudomonadaceae,Pseudomonas,,,45N_Month3_16_S1642.fasta,45N_Month3_16_S1642,45N_Month3_16
1599,45N_Month3_17_S165,Bacteria,5449,104,58,1,102,1,0,0,0,98.28,0.86,100.0,43,0,k__Bacteria;p__Proteobacteria;c__Gammaproteobacteria;o__Pseudomonadales;f__Pseudomonadaceae;g__Pseudomonas;s__Pseudomonas_aeruginosa,405,402,272,184,88,24,6879503,6877301,6489892,5839625,4305948,2090048,405,362936,6879503,5062596,66.16,50.6,33919,42240,16032,28787,58,34,131,70,0,0,0,0,0,0,1,403 + 2 part,6879047,0.009,1.0,0.0,2850.88,0.0,0 + 0 part,314,456,-,-,-,-,-,-,-,-,found,Bacteria,Proteobacteria,Gammaproteobacteria,Pseudomonadales,Pseudomonadaceae,Pseudomonas,,,45N_Month3_17_S165.fasta,45N_Month3_17_S165,45N_Month3_17
1603,45N_Month3_20_S1674,Bacteria,5449,104,58,21,80,3,0,0,0,73.65,2.74,0.0,40,0,k__Bacteria;p__Proteobacteria;c__Gammaproteobacteria;o__Enterobacteriales;f__Enterobacteriaceae,1525,1525,106,6,1,0,3795645,3795645,741933,103333,41811,0,1525,41811,3795645,5062596,50.46,50.6,2896,2156,1834,-,414,667,825,-,176,164,579918,6,0,0,0,0 + 0 part,0,74.771,1.003,0.0,13.95,0.32,0 + 0 part,41811,3787648,2661,1982,1686,-,452,728,901,-,found,Bacteria,Proteobacteria,Gammaproteobacteria,Enterobacterales,Enterobacteriaceae,Escherichia,Escherichia coli,,45N_Month3_20_S1674.fasta,45N_Month3_20_S1674,45N_Month3_20
1613,45N_Month3_7_S1665,Bacteria,5449,104,58,39,65,0,0,0,0,59.17,0.0,0.0,30,0,k__Bacteria;p__Proteobacteria;c__Gammaproteobacteria;o__Enterobacteriales;f__Enterobacteriaceae,1400,1400,25,2,0,0,2643641,2643641,167309,24140,0,0,1400,12168,2643641,5062596,50.24,50.6,1984,1063,1418,-,446,1291,842,-,170,159,337330,5,0,0,0,0 + 0 part,0,52.098,1.002,0.0,17.63,0.45,0 + 0 part,12168,2638743,1852,993,1327,-,467,1367,889,-,found,Bacteria,Proteobacteria,Gammaproteobacteria,Enterobacterales,Enterobacteriaceae,Escherichia,Escherichia coli,,45N_Month3_7_S1665.fasta,45N_Month3_7_S1665,45N_Month3_7
1667,45R_Month3_13_S198,Bacteria,5449,104,58,0,1,103,0,0,0,100.0,99.66,3.88,1,42,k__Bacteria;p__Proteobacteria;c__Gammaproteobacteria;o__Pseudomonadales;f__Pseudomonadaceae;g__Pseudomonas;s__Pseudomonas_aeruginosa,77,71,66,64,54,36,12023315,12020539,12010872,11996930,11823791,11204082,73,5006415,12022007,5062596,59.55,50.6,390947,5006415,172601,5006415,4,1,15,1,2,1,5006415,5,0,0,2,66 + 3 part,6964725,99.872,1.0,0.0,1.94,0.0,0 + 0 part,2423722,5055301,-,1672882,-,1672882,-,2,-,2,disagree,Bacteria,Proteobacteria,Gammaproteobacteria,,,,,,45R_Month3_13_S198.fasta,45R_Month3_13_S198,45R_Month3_13
1672,45R_Month3_18_S238,Bacteria,5449,104,58,1,103,0,0,0,0,98.28,0.0,0.0,43,0,k__Bacteria;p__Proteobacteria;c__Gammaproteobacteria;o__Pseudomonadales;f__Pseudomonadaceae;g__Pseudomonas;s__Pseudomonas_aeruginosa,145,69,52,49,41,35,7026113,7001491,6970017,6952893,6824237,6615872,84,693696,7012587,5062596,66.1,50.6,263483,292998,118182,241330,9,6,19,11,0,0,0,0,0,0,2,81 + 3 part,7011972,0.012,1.0,0.0,2439.02,0.0,0 + 0 part,314,615,-,-,-,-,-,-,-,-,found,Bacteria,Proteobacteria,Gammaproteobacteria,Pseudomonadales,Pseudomonadaceae,Pseudomonas,,,45R_Month3_18_S238.fasta,45R_Month3_18_S238,45R_Month3_18
1712,46L_Day7_10_S361_L002,Bacteria,5449,104,58,12,91,1,0,0,0,86.74,0.16,0.0,37,1,k__Bacteria;p__Proteobacteria;c__Gammaproteobacteria;o__Pseudomonadales;f__Pseudomonadaceae;g__Pseudomonas;s__Pseudomonas_aeruginosa,1264,1253,462,156,10,0,6479432,6473247,4383411,2255846,289666,0,1261,35572,6478769,5062596,66.38,50.6,7350,9232,4122,6044,272,185,567,356,0,0,0,0,0,0,1,1259 + 2 part,6478313,0.009,1.0,0.0,2850.88,0.0,0 + 0 part,314,456,-,-,-,-,-,-,-,-,found,Bacteria,Proteobacteria,Gammaproteobacteria,Pseudomonadales,Pseudomonadaceae,Pseudomonas,,,46L_Day7_10_S361_L002.fasta,46L_Day7_10_S361,46L_Day7_10
1733,46L_Day7_7_S337_L002,Bacteria,5449,104,58,45,59,0,0,0,0,63.96,0.0,0.0,20,0,k__Bacteria;p__Proteobacteria;c__Gammaproteobacteria;o__Pseudomonadales;f__Pseudomonadaceae;g__Pseudomonas;s__Pseudomonas_aeruginosa,1804,1798,234,19,0,0,5122998,5121288,1633023,220066,0,0,1799,15345,5121874,5062596,67.13,50.6,3539,3594,2101,2161,457,449,927,906,0,0,0,0,0,0,1,1798 + 1 part,5121495,0.007,1.0,0.0,3430.08,0.0,0 + 0 part,314,379,-,-,-,-,-,-,-,-,found,Bacteria,Proteobacteria,Gammaproteobacteria,Pseudomonadales,Pseudomonadaceae,Pseudomonas,,,46L_Day7_7_S337_L002.fasta,46L_Day7_7_S337,46L_Day7_7
1739,46L_Month3_13_S196,Bacteria,5449,104,58,1,103,0,0,0,0,98.28,0.0,0.0,43,0,k__Bacteria;p__Proteobacteria;c__Gammaproteobacteria;o__Pseudomonadales;f__Pseudomonadaceae;g__Pseudomonas;s__Pseudomonas_aeruginosa,120,61,45,43,37,31,7028184,7009230,6977251,6966596,6865575,6656956,73,866582,7017721,5062596,66.1,50.6,266296,533721,130894,263483,7,4,16,8,0,0,0,0,0,0,2,71 + 2 part,7017183,0.011,1.0,0.0,2788.1,0.0,0 + 0 part,314,538,-,-,-,-,-,-,-,-,found,Bacteria,Proteobacteria,Gammaproteobacteria,Pseudomonadales,Pseudomonadaceae,Pseudomonas,,,46L_Month3_13_S196.fasta,46L_Month3_13_S196,46L_Month3_13
1761,46L_Month6_11_S755,Bacteria,5449,104,58,1,103,0,0,0,0,98.28,0.0,0.0,43,0,k__Bacteria;p__Proteobacteria;c__Gammaproteobacteria;o__Pseudomonadales;f__Pseudomonadaceae;g__Pseudomonas;s__Pseudomonas_aeruginosa,117,60,49,46,37,31,7024436,7006015,6983507,6967641,6819215,6601860,72,723754,7014321,5062596,66.1,50.6,266314,390947,130894,263483,8,5,17,9,0,0,0,0,0,0,2,69 + 3 part,7013706,0.011,1.143,0.0,2788.1,0.0,0 + 0 part,314,615,-,-,-,-,-,-,-,-,found,Bacteria,Proteobacteria,Gammaproteobacteria,Pseudomonadales,Pseudomonadaceae,Pseudomonas,,,46L_Month6_11_S755.fasta,46L_Month6_11_S755,46L_Month6_11
1765,46L_Month6_15_S692,Bacteria,5449,104,58,1,103,0,0,0,0,98.28,0.0,0.0,43,0,k__Bacteria;p__Proteobacteria;c__Gammaproteobacteria;o__Pseudomonadales;f__Pseudomonadaceae;g__Pseudomonas;s__Pseudomonas_aeruginosa,103,50,39,37,32,26,7025707,7008363,6985834,6975179,6886116,6660271,61,1077481,7016024,5062596,66.1,50.6,319849,535215,204669,308325,6,4,13,7,0,0,0,0,0,0,2,59 + 2 part,7015486,0.011,1.0,0.0,2788.1,0.0,0 + 0 part,314,538,-,-,-,-,-,-,-,-,found,Bacteria,Proteobacteria,Gammaproteobacteria,Pseudomonadales,Pseudomonadaceae,Pseudomonas,,,46L_Month6_15_S692.fasta,46L_Month6_15_S692,46L_Month6_15
1766,46L_Month6_16_S700,Bacteria,5449,104,58,1,103,0,0,0,0,98.28,0.0,0.0,43,0,k__Bacteria;p__Proteobacteria;c__Gammaproteobacteria;o__Pseudomonadales;f__Pseudomonadaceae;g__Pseudomonas;s__Pseudomonas_aeruginosa,104,53,43,41,32,27,7030426,7012914,6988678,6974846,6811366,6621663,64,867585,7020410,5062596,66.09,50.6,330982,521835,138114,326687,7,4,14,8,0,0,0,0,0,0,2,62 + 2 part,7019872,0.011,1.0,0.0,2788.1,0.0,0 + 0 part,314,538,-,-,-,-,-,-,-,-,found,Bacteria,Proteobacteria,Gammaproteobacteria,Pseudomonadales,Pseudomonadaceae,Pseudomonas,,,46L_Month6_16_S700.fasta,46L_Month6_16_S700,46L_Month6_16
1772,46L_Month6_21_S740,Bacteria,5449,104,58,1,103,0,0,0,0,98.28,0.0,0.0,43,0,k__Bacteria;p__Proteobacteria;c__Gammaproteobacteria;o__Pseudomonadales;f__Pseudomonadaceae;g__Pseudomonas;s__Pseudomonas_aeruginosa,105,57,46,44,38,30,7022132,7006939,6985692,6975037,6871926,6559018,68,700558,7014493,5062596,66.1,50.6,279574,377420,136722,263483,8,5,16,9,0,0,0,0,0,0,2,65 + 3 part,7013878,0.011,1.143,0.0,2788.1,0.0,0 + 0 part,314,615,-,-,-,-,-,-,-,-,found,Bacteria,Proteobacteria,Gammaproteobacteria,Pseudomonadales,Pseudomonadaceae,Pseudomonas,,,46L_Month6_21_S740.fasta,46L_Month6_21_S740,46L_Month6_21
1776,46L_Month6_2_S683,Bacteria,5449,104,58,1,103,0,0,0,0,98.28,0.0,0.0,43,0,k__Bacteria;p__Proteobacteria;c__Gammaproteobacteria;o__Pseudomonadales;f__Pseudomonadaceae;g__Pseudomonas;s__Pseudomonas_aeruginosa,57,53,50,46,40,33,6906664,6905072,6899556,6869806,6747672,6471472,55,652119,6906382,5062596,66.09,50.6,215451,409801,118301,199790,9,5,19,11,0,0,0,0,0,0,2,52 + 3 part,6905767,0.012,1.0,0.0,2439.02,0.0,0 + 0 part,314,615,-,-,-,-,-,-,-,-,found,Bacteria,Proteobacteria,Gammaproteobacteria,Pseudomonadales,Pseudomonadaceae,Pseudomonas,,,46L_Month6_2_S683.fasta,46L_Month6_2_S683,46L_Month6_2
1780,46L_Month6_6_S715,Bacteria,5449,104,58,1,103,0,0,0,0,98.28,0.0,0.0,43,0,k__Bacteria;p__Proteobacteria;c__Gammaproteobacteria;o__Pseudomonadales;f__Pseudomonadaceae;g__Pseudomonas;s__Pseudomonas_aeruginosa,100,53,43,42,36,32,7022314,7005687,6981463,6976146,6859470,6675993,64,617107,7013183,5062596,66.1,50.6,319843,419103,122053,279574,8,5,17,9,0,0,0,0,0,0,2,61 + 3 part,7012568,0.011,1.143,0.0,2788.1,0.0,0 + 0 part,314,615,-,-,-,-,-,-,-,-,found,Bacteria,Proteobacteria,Gammaproteobacteria,Pseudomonadales,Pseudomonadaceae,Pseudomonas,,,46L_Month6_6_S715.fasta,46L_Month6_6_S715,46L_Month6_6
1783,46L_Month6_9_S739,Bacteria,5449,104,58,1,103,0,0,0,0,98.28,0.0,0.0,43,0,k__Bacteria;p__Proteobacteria;c__Gammaproteobacteria;o__Pseudomonadales;f__Pseudomonadaceae;g__Pseudomonas;s__Pseudomonas_aeruginosa,114,63,52,50,40,35,7029095,7013085,6987618,6976074,6792006,6602255,73,590926,7019798,5062596,66.09,50.6,263057,293040,118182,241330,10,6,20,11,0,0,0,0,0,0,2,70 + 3 part,7019183,0.011,1.143,0.0,2788.1,0.0,0 + 0 part,314,615,-,-,-,-,-,-,-,-,found,Bacteria,Proteobacteria,Gammaproteobacteria,Pseudomonadales,Pseudomonadaceae,Pseudomonas,,,46L_Month6_9_S739.fasta,46L_Month6_9_S739,46L_Month6_9
1883,46N_Month3_13_S194,Bacteria,5449,104,58,1,103,0,0,0,0,98.28,0.0,0.0,43,0,k__Bacteria;p__Proteobacteria;c__Gammaproteobacteria;o__Pseudomonadales;f__Pseudomonadaceae;g__Pseudomonas;s__Pseudomonas_aeruginosa,130,66,50,48,39,32,7027611,7006963,6978249,6967594,6825477,6581485,79,684396,7016347,5062596,66.1,50.6,275397,343457,118182,266252,8,5,16,9,0,0,0,0,0,0,2,76 + 3 part,7015732,0.012,1.0,0.0,2439.02,0.0,0 + 0 part,314,615,-,-,-,-,-,-,-,-,found,Bacteria,Proteobacteria,Gammaproteobacteria,Pseudomonadales,Pseudomonadaceae,Pseudomonas,,,46N_Month3_13_S194.fasta,46N_Month3_13_S194,46N_Month3_13
1894,46N_Month3_23_S274,Bacteria,5449,104,58,1,103,0,0,0,0,98.28,0.0,0.0,43,0,k__Bacteria;p__Proteobacteria;c__Gammaproteobacteria;o__Pseudomonadales;f__Pseudomonadaceae;g__Pseudomonas;s__Pseudomonas_aeruginosa,89,52,45,44,36,29,7003037,6987667,6972284,6966967,6831714,6537295,64,761882,6996216,5062596,66.1,50.6,281124,409830,131651,241993,8,5,16,9,0,0,0,0,0,0,2,61 + 3 part,6995601,0.012,1.0,0.0,2439.02,0.0,0 + 0 part,314,615,-,-,-,-,-,-,-,-,found,Bacteria,Proteobacteria,Gammaproteobacteria,Pseudomonadales,Pseudomonadaceae,Pseudomonas,,,46N_Month3_23_S274.fasta,46N_Month3_23_S274,46N_Month3_23
1906,46N_Month6_12_S761,Bacteria,5449,104,58,1,103,0,0,0,0,98.28,0.0,0.0,43,0,k__Bacteria;p__Proteobacteria;c__Gammaproteobacteria;o__Pseudomonadales;f__Pseudomonadaceae;g__Pseudomonas;s__Pseudomonas_aeruginosa,103,53,41,40,34,30,7024148,7007067,6977036,6971719,6853908,6691620,64,711629,7014563,5062596,66.1,50.6,326687,419103,136771,293010,7,5,16,8,0,0,0,0,0,0,2,61 + 3 part,7013948,0.011,1.143,0.0,2788.1,0.0,0 + 0 part,314,615,-,-,-,-,-,-,-,-,found,Bacteria,Proteobacteria,Gammaproteobacteria,Pseudomonadales,Pseudomonadaceae,Pseudomonas,,,46N_Month6_12_S761.fasta,46N_Month6_12_S761,46N_Month6_12
1908,46N_Month6_14_S682,Bacteria,5449,104,58,1,103,0,0,0,0,98.28,0.0,0.0,43,0,k__Bacteria;p__Proteobacteria;c__Gammaproteobacteria;o__Pseudomonadales;f__Pseudomonadaceae;g__Pseudomonas;s__Pseudomonas_aeruginosa,91,64,56,52,44,37,7018488,7010109,6994024,6964313,6833138,6601166,68,617255,7013022,5062596,66.09,50.6,240996,374720,108424,226003,9,6,21,10,0,0,0,0,0,0,2,65 + 3 part,7012407,0.012,1.0,0.0,2439.02,0.0,0 + 0 part,314,615,-,-,-,-,-,-,-,-,found,Bacteria,Proteobacteria,Gammaproteobacteria,Pseudomonadales,Pseudomonadaceae,Pseudomonas,,,46N_Month6_14_S682.fasta,46N_Month6_14_S682,46N_Month6_14
1909,46N_Month6_15_S690,Bacteria,5449,104,58,1,103,0,0,0,0,98.28,0.0,0.0,43,0,k__Bacteria;p__Proteobacteria;c__Gammaproteobacteria;o__Pseudomonadales;f__Pseudomonadaceae;g__Pseudomonas;s__Pseudomonas_aeruginosa,84,56,47,44,35,31,6963758,6954279,6933523,6910017,6752479,6601480,63,686276,6959419,5062596,66.08,50.6,242119,374720,122107,241330,9,5,17,10,0,0,0,0,0,0,2,60 + 3 part,6958804,0.012,1.0,0.0,2439.02,0.0,0 + 0 part,314,615,-,-,-,-,-,-,-,-,found,Bacteria,Proteobacteria,Gammaproteobacteria,Pseudomonadales,Pseudomonadaceae,Pseudomonas,,,46N_Month6_15_S690.fasta,46N_Month6_15_S690,46N_Month6_15
1913,46N_Month6_19_S722,Bacteria,5449,104,58,1,103,0,0,0,0,98.28,0.0,0.0,43,0,k__Bacteria;p__Proteobacteria;c__Gammaproteobacteria;o__Pseudomonadales;f__Pseudomonadaceae;g__Pseudomonas;s__Pseudomonas_aeruginosa,97,52,41,38,32,27,7030830,7015609,6990538,6967032,6852286,6662304,63,685666,7023221,5062596,66.09,50.6,326687,398860,208506,279592,8,5,14,9,0,0,0,0,0,0,2,60 + 3 part,7022606,0.012,1.0,0.0,2439.02,0.0,0 + 0 part,314,615,-,-,-,-,-,-,-,-,found,Bacteria,Proteobacteria,Gammaproteobacteria,Pseudomonadales,Pseudomonadaceae,Pseudomonas,,,46N_Month6_19_S722.fasta,46N_Month6_19_S722,46N_Month6_19
1915,46N_Month6_20_S730,Bacteria,5449,104,58,1,103,0,0,0,0,98.28,0.0,0.0,43,0,k__Bacteria;p__Proteobacteria;c__Gammaproteobacteria;o__Pseudomonadales;f__Pseudomonadaceae;g__Pseudomonas;s__Pseudomonas_aeruginosa,73,67,61,58,49,37,7002955,7000280,6984829,6961351,6806460,6364915,70,792133,7002248,5062596,66.1,50.6,195304,223807,120262,194627,13,8,24,14,0,0,0,0,0,0,2,67 + 3 part,7001633,0.011,1.143,0.0,2788.1,0.0,0 + 0 part,314,615,-,-,-,-,-,-,-,-,found,Bacteria,Proteobacteria,Gammaproteobacteria,Pseudomonadales,Pseudomonadaceae,Pseudomonas,,,46N_Month6_20_S730.fasta,46N_Month6_20_S730,46N_Month6_20
1919,46N_Month6_24_S762,Bacteria,5449,104,58,1,103,0,0,0,0,98.28,0.0,0.0,43,0,k__Bacteria;p__Proteobacteria;c__Gammaproteobacteria;o__Pseudomonadales;f__Pseudomonadaceae;g__Pseudomonas;s__Pseudomonas_aeruginosa,99,51,41,40,33,29,7024014,7007416,6983192,6977875,6846718,6684471,62,716368,7014912,5062596,66.1,50.6,284915,377420,138114,266309,8,5,15,9,0,0,0,0,0,0,2,59 + 3 part,7014297,0.012,1.0,0.0,2439.02,0.0,0 + 0 part,314,615,-,-,-,-,-,-,-,-,found,Bacteria,Proteobacteria,Gammaproteobacteria,Pseudomonadales,Pseudomonadaceae,Pseudomonas,,,46N_Month6_24_S762.fasta,46N_Month6_24_S762,46N_Month6_24
1978,46R_Month3_13_S200,Bacteria,5449,104,58,1,103,0,0,0,0,98.28,0.0,0.0,43,0,k__Bacteria;p__Proteobacteria;c__Gammaproteobacteria;o__Pseudomonadales;f__Pseudomonadaceae;g__Pseudomonas;s__Pseudomonas_aeruginosa,65,54,48,46,40,37,7016887,7012697,6997909,6986383,6885567,6770305,58,550924,7015478,5062596,66.1,50.6,246119,284915,130894,200526,10,7,21,12,0,0,0,0,0,0,2,55 + 3 part,7014863,0.011,1.143,0.0,2788.1,0.0,0 + 0 part,314,615,-,-,-,-,-,-,-,-,found,Bacteria,Proteobacteria,Gammaproteobacteria,Pseudomonadales,Pseudomonadaceae,Pseudomonas,,,46R_Month3_13_S200.fasta,46R_Month3_13_S200,46R_Month3_13
1980,46R_Month3_15_S216,Bacteria,5449,104,58,1,103,0,0,0,0,98.28,0.0,0.0,43,0,k__Bacteria;p__Proteobacteria;c__Gammaproteobacteria;o__Pseudomonadales;f__Pseudomonadaceae;g__Pseudomonas;s__Pseudomonas_aeruginosa,104,51,42,39,31,29,7032911,7015490,6993651,6970145,6824720,6736959,62,792133,7023102,5062596,66.09,50.6,357998,398851,200526,279574,7,5,14,8,0,0,0,0,0,0,2,59 + 3 part,7022487,0.011,1.143,0.0,2788.1,0.0,0 + 0 part,314,615,-,-,-,-,-,-,-,-,found,Bacteria,Proteobacteria,Gammaproteobacteria,Pseudomonadales,Pseudomonadaceae,Pseudomonas,,,46R_Month3_15_S216.fasta,46R_Month3_15_S216,46R_Month3_15
2002,46R_Month6_13_S678,Bacteria,5449,104,58,1,103,0,0,0,0,98.28,0.0,0.0,43,0,k__Bacteria;p__Proteobacteria;c__Gammaproteobacteria;o__Pseudomonadales;f__Pseudomonadaceae;g__Pseudomonas;s__Pseudomonas_aeruginosa,116,61,47,45,37,31,7027348,7009703,6981629,6970974,6833029,6615706,72,715913,7017364,5062596,66.1,50.6,279574,390947,130894,263483,8,5,17,9,0,0,0,0,0,0,2,69 + 3 part,7016749,0.011,1.143,0.0,2788.1,0.0,0 + 0 part,314,615,-,-,-,-,-,-,-,-,found,Bacteria,Proteobacteria,Gammaproteobacteria,Pseudomonadales,Pseudomonadaceae,Pseudomonas,,,46R_Month6_13_S678.fasta,46R_Month6_13_S678,46R_Month6_13
2003,46R_Month6_14_S686,Bacteria,5449,104,58,1,103,0,0,0,0,98.28,0.0,0.0,43,0,k__Bacteria;p__Proteobacteria;c__Gammaproteobacteria;o__Pseudomonadales;f__Pseudomonadaceae;g__Pseudomonas;s__Pseudomonas_aeruginosa,111,64,50,48,40,32,7026073,7011165,6982053,6971398,6843711,6564434,74,865905,7017905,5062596,66.1,50.6,263096,437191,114392,241330,8,4,18,9,0,0,0,0,0,0,2,72 + 2 part,7017367,0.011,1.0,0.0,2788.1,0.0,0 + 0 part,314,538,-,-,-,-,-,-,-,-,found,Bacteria,Proteobacteria,Gammaproteobacteria,Pseudomonadales,Pseudomonadaceae,Pseudomonas,,,46R_Month6_14_S686.fasta,46R_Month6_14_S686,46R_Month6_14
2004,46R_Month6_15_S694,Bacteria,5449,104,58,5,99,0,0,0,0,94.83,0.0,0.0,40,0,k__Bacteria;p__Proteobacteria;c__Gammaproteobacteria;o__Pseudomonadales;f__Pseudomonadaceae;g__Pseudomonas;s__Pseudomonas_aeruginosa,101,96,93,78,60,44,6965434,6963300,6957084,6848073,6518297,5914713,98,524449,6964771,5062596,66.14,50.6,166658,198008,74623,117355,15,10,33,18,0,0,0,0,0,0,2,95 + 3 part,6964156,0.012,1.0,0.0,2439.02,0.0,0 + 0 part,314,615,-,-,-,-,-,-,-,-,found,Bacteria,Proteobacteria,Gammaproteobacteria,Pseudomonadales,Pseudomonadaceae,Pseudomonas,,,46R_Month6_15_S694.fasta,46R_Month6_15_S694,46R_Month6_15
2005,46R_Month6_16_S702,Bacteria,5449,104,58,1,103,0,0,0,0,98.28,0.0,0.0,43,0,k__Bacteria;p__Proteobacteria;c__Gammaproteobacteria;o__Pseudomonadales;f__Pseudomonadaceae;g__Pseudomonas;s__Pseudomonas_aeruginosa,115,60,46,44,35,29,7028127,7010544,6981909,6971254,6827276,6622050,72,982132,7018828,5062596,66.1,50.6,266297,437194,136732,263483,7,4,15,8,0,0,0,0,0,0,2,70 + 2 part,7018290,0.011,1.0,0.0,2788.1,0.0,0 + 0 part,314,538,-,-,-,-,-,-,-,-,found,Bacteria,Proteobacteria,Gammaproteobacteria,Pseudomonadales,Pseudomonadaceae,Pseudomonas,,,46R_Month6_16_S702.fasta,46R_Month6_16_S702,46R_Month6_16
2006,46R_Month6_17_S710,Bacteria,5449,104,58,1,103,0,0,0,0,98.28,0.0,0.0,43,0,k__Bacteria;p__Proteobacteria;c__Gammaproteobacteria;o__Pseudomonadales;f__Pseudomonadaceae;g__Pseudomonas;s__Pseudomonas_aeruginosa,83,46,37,34,28,25,7031494,7016580,6996738,6973232,6858486,6723047,60,686276,7026149,5062596,66.09,50.6,330988,425668,208506,327350,7,5,14,8,0,0,0,0,0,0,2,57 + 3 part,7025534,0.012,1.0,0.0,2439.02,0.0,0 + 0 part,314,615,-,-,-,-,-,-,-,-,found,Bacteria,Proteobacteria,Gammaproteobacteria,Pseudomonadales,Pseudomonadaceae,Pseudomonas,,,46R_Month6_17_S710.fasta,46R_Month6_17_S710,46R_Month6_17
2007,46R_Month6_18_S718,Bacteria,5449,104,58,1,103,0,0,0,0,98.28,0.0,0.0,43,0,k__Bacteria;p__Proteobacteria;c__Gammaproteobacteria;o__Pseudomonadales;f__Pseudomonadaceae;g__Pseudomonas;s__Pseudomonas_aeruginosa,104,50,40,39,32,27,7030697,7012970,6988746,6983429,6852431,6662728,61,716368,7020466,5062596,66.09,50.6,330988,377420,204669,284915,7,5,14,8,0,0,0,0,0,0,2,58 + 3 part,7019851,0.012,1.0,0.0,2439.02,0.0,0 + 0 part,314,615,-,-,-,-,-,-,-,-,found,Bacteria,Proteobacteria,Gammaproteobacteria,Pseudomonadales,Pseudomonadaceae,Pseudomonas,,,46R_Month6_18_S718.fasta,46R_Month6_18_S718,46R_Month6_18
2008,46R_Month6_19_S726,Bacteria,5449,104,58,1,103,0,0,0,0,98.28,0.0,0.0,43,0,k__Bacteria;p__Proteobacteria;c__Gammaproteobacteria;o__Pseudomonadales;f__Pseudomonadaceae;g__Pseudomonas;s__Pseudomonas_aeruginosa,105,58,45,43,35,29,7073654,7058215,7025298,7009813,6861725,6638744,69,715913,7065895,5062596,65.95,50.6,279604,419103,138114,279604,8,5,15,8,0,0,0,0,0,0,1,62 + 3 part,7018581,0.923,1.012,0.0,19.25,0.0,0 + 0 part,30964,46893,-,-,-,-,-,-,-,-,found,Bacteria,Proteobacteria,Gammaproteobacteria,Pseudomonadales,Pseudomonadaceae,Pseudomonas,,,46R_Month6_19_S726.fasta,46R_Month6_19_S726,46R_Month6_19
2010,46R_Month6_20_S734,Bacteria,5449,104,58,1,103,0,0,0,0,98.28,0.0,0.0,43,0,k__Bacteria;p__Proteobacteria;c__Gammaproteobacteria;o__Pseudomonadales;f__Pseudomonadaceae;g__Pseudomonas;s__Pseudomonas_aeruginosa,93,60,47,46,38,32,7012744,7002471,6972700,6967314,6825609,6617190,67,715913,7007191,5062596,66.1,50.6,263483,390947,123445,241330,8,5,18,9,0,0,0,0,0,0,2,64 + 3 part,7006576,0.011,1.143,0.0,2788.1,0.0,0 + 0 part,314,615,-,-,-,-,-,-,-,-,found,Bacteria,Proteobacteria,Gammaproteobacteria,Pseudomonadales,Pseudomonadaceae,Pseudomonas,,,46R_Month6_20_S734.fasta,46R_Month6_20_S734,46R_Month6_20
2011,46R_Month6_21_S742,Bacteria,5449,104,58,3,101,0,0,0,0,94.83,0.0,0.0,43,0,k__Bacteria;p__Proteobacteria;c__Gammaproteobacteria;o__Pseudomonadales;f__Pseudomonadaceae;g__Pseudomonas;s__Pseudomonas_aeruginosa,146,85,65,60,49,38,6901861,6880800,6840874,6810315,6620720,6213874,100,693696,6891847,5062596,66.08,50.6,197988,231943,102623,174201,12,8,24,14,0,0,0,0,0,0,2,97 + 3 part,6891232,0.012,1.0,0.0,2439.02,0.0,0 + 0 part,314,615,-,-,-,-,-,-,-,-,found,Bacteria,Proteobacteria,Gammaproteobacteria,Pseudomonadales,Pseudomonadaceae,Pseudomonas,,,46R_Month6_21_S742.fasta,46R_Month6_21_S742,46R_Month6_21
2012,46R_Month6_22_S750,Bacteria,5449,104,58,1,103,0,0,0,0,98.28,0.0,0.0,43,0,k__Bacteria;p__Proteobacteria;c__Gammaproteobacteria;o__Pseudomonadales;f__Pseudomonadaceae;g__Pseudomonas;s__Pseudomonas_aeruginosa,79,63,57,53,44,39,7019508,7013662,6996958,6967152,6816215,6626518,68,644233,7017342,5062596,66.1,50.6,229139,263058,108782,200575,11,7,23,13,0,0,0,0,0,0,2,65 + 3 part,7016727,0.011,1.143,0.0,2788.1,0.0,0 + 0 part,314,615,-,-,-,-,-,-,-,-,found,Bacteria,Proteobacteria,Gammaproteobacteria,Pseudomonadales,Pseudomonadaceae,Pseudomonas,,,46R_Month6_22_S750.fasta,46R_Month6_22_S750,46R_Month6_22
2013,46R_Month6_23_S758,Bacteria,5449,104,58,1,103,0,0,0,0,98.28,0.0,0.0,43,0,k__Bacteria;p__Proteobacteria;c__Gammaproteobacteria;o__Pseudomonadales;f__Pseudomonadaceae;g__Pseudomonas;s__Pseudomonas_aeruginosa,145,67,48,46,38,31,7025405,7000631,6964965,6954218,6823515,6567543,82,693696,7011727,5062596,66.1,50.6,263483,347299,143134,263071,9,5,17,10,0,0,0,0,0,0,2,79 + 3 part,7011112,0.012,1.0,0.0,2439.02,0.0,0 + 0 part,314,615,-,-,-,-,-,-,-,-,found,Bacteria,Proteobacteria,Gammaproteobacteria,Pseudomonadales,Pseudomonadaceae,Pseudomonas,,,46R_Month6_23_S758.fasta,46R_Month6_23_S758,46R_Month6_23
2014,46R_Month6_24_S766,Bacteria,5449,104,58,1,103,0,0,0,0,98.28,0.0,0.0,43,0,k__Bacteria;p__Proteobacteria;c__Gammaproteobacteria;o__Pseudomonadales;f__Pseudomonadaceae;g__Pseudomonas;s__Pseudomonas_aeruginosa,146,69,50,47,40,32,6975357,6950500,6914829,6897741,6786139,6476421,84,617086,6961596,5062596,66.09,50.6,263483,292979,130894,263091,9,6,18,10,0,0,0,0,0,0,2,81 + 3 part,6960981,0.012,1.0,0.0,2439.02,0.0,0 + 0 part,314,615,-,-,-,-,-,-,-,-,found,Bacteria,Proteobacteria,Gammaproteobacteria,Pseudomonadales,Pseudomonadaceae,Pseudomonas,,,46R_Month6_24_S766.fasta,46R_Month6_24_S766,46R_Month6_24
